Beach	Sunset	FallFoliage	Field	Mountain	Urban
1	0	0	0	1	0
1	0	0	0	0	1
1	0	0	0	0	0
1	0	0	0	0	0
1	0	0	0	0	0
1	0	0	0	0	0
1	0	0	0	0	0
1	0	0	0	1	0
1	0	0	0	0	0
1	0	0	0	0	0
1	0	0	0	0	0
1	0	0	0	1	0
1	0	0	0	0	0
1	0	0	0	0	0
1	0	0	0	0	0
1	0	0	0	1	0
1	0	0	0	1	0
1	0	0	0	0	0
1	0	0	0	0	0
1	0	0	0	0	0
1	0	0	0	0	0
1	0	0	0	0	0
1	0	0	0	0	0
1	0	0	0	0	0
1	0	0	0	0	0
1	0	0	0	0	0
1	0	0	0	0	0
1	0	0	0	0	0
1	0	0	0	0	0
1	0	0	0	0	0
1	0	0	0	0	0
1	0	0	0	0	1
1	0	0	0	0	0
1	0	0	0	0	0
1	0	0	0	0	0
1	0	0	0	0	0
1	0	0	0	0	0
1	0	0	0	0	0
1	0	0	0	1	0
1	0	0	0	0	0
1	0	0	0	0	0
1	0	0	0	0	0
1	0	0	0	0	0
1	0	0	0	0	0
1	0	0	0	0	0
1	0	0	0	0	0
1	0	0	0	0	0
1	0	0	0	0	0
1	0	0	0	0	0
1	0	0	0	0	0
1	0	0	0	0	0
1	0	0	0	0	0
1	0	0	0	0	0
1	0	0	0	0	0
1	0	0	0	0	0
1	0	0	0	0	0
1	0	0	0	0	0
1	0	0	0	0	0
1	0	0	0	0	0
1	0	0	0	0	0
1	0	0	0	0	0
1	0	0	0	1	0
1	0	0	0	0	0
1	0	0	0	0	0
1	0	0	0	0	0
1	0	0	0	0	0
1	0	0	0	0	0
1	0	0	0	0	0
1	0	0	0	0	0
1	0	0	0	1	0
1	0	0	0	0	0
1	0	0	0	0	0
1	0	0	0	0	0
1	0	0	0	0	0
1	0	0	0	0	0
1	0	0	0	0	0
1	0	0	0	0	0
1	0	0	0	0	0
1	0	0	0	0	0
1	0	0	0	0	0
1	0	0	0	0	0
1	0	0	0	0	0
1	0	0	0	0	0
1	0	0	0	0	0
1	0	0	0	0	0
1	0	0	0	0	0
1	0	0	0	0	0
1	0	0	0	0	0
1	0	0	0	0	0
1	0	0	0	1	0
1	0	0	0	0	0
1	0	0	0	0	0
1	0	0	0	0	0
1	0	0	0	0	0
1	0	0	0	0	0
1	0	0	0	0	0
1	0	0	0	0	0
1	0	0	0	0	0
1	0	0	0	0	0
1	0	0	0	0	0
1	0	0	0	1	0
1	0	0	0	0	0
1	0	0	0	0	0
1	0	0	0	0	0
1	0	0	0	0	0
1	0	0	0	0	0
1	0	0	0	0	0
1	0	0	0	0	0
1	0	0	0	0	0
1	0	0	0	1	0
1	0	0	0	0	0
1	0	0	0	0	0
1	0	0	0	0	0
1	0	0	0	0	0
1	0	0	0	0	0
1	0	0	0	0	0
1	0	0	0	0	0
1	0	0	0	0	0
1	0	0	0	0	0
1	0	0	0	0	0
1	0	0	0	0	1
1	0	0	0	0	0
1	0	0	0	0	0
1	0	0	0	0	0
1	0	0	0	0	0
1	0	0	0	1	0
1	0	0	0	0	0
1	0	0	0	0	0
1	0	0	0	0	0
1	0	0	0	0	0
1	0	0	0	0	0
1	0	0	0	0	0
1	0	0	0	0	1
1	0	0	0	0	0
1	0	0	0	0	0
1	0	0	0	0	0
1	0	0	0	0	0
1	0	0	0	0	0
1	0	0	0	0	1
1	0	0	0	0	0
1	0	0	0	0	0
1	0	0	0	0	0
1	0	0	0	0	0
1	0	0	0	0	0
1	0	0	0	0	0
1	0	0	0	0	0
1	0	0	0	0	1
1	0	0	0	0	0
1	0	0	0	0	0
1	0	0	0	1	0
1	0	0	0	0	0
1	0	0	0	0	0
1	0	0	0	0	0
1	0	0	0	0	0
1	0	0	0	0	0
1	0	0	0	0	0
1	0	0	0	1	0
1	0	0	0	0	0
1	0	0	0	0	0
1	0	0	0	0	1
1	0	0	0	0	1
1	0	0	0	1	0
1	0	0	0	0	0
1	0	0	0	0	0
1	0	0	0	0	0
1	0	0	0	0	0
1	0	0	0	0	0
1	0	0	0	0	0
1	0	0	0	0	0
1	0	0	0	0	0
1	0	0	0	0	0
1	0	0	0	0	0
1	0	0	0	0	0
1	0	0	0	1	0
1	0	0	0	0	0
1	0	0	0	0	0
1	0	0	0	0	0
1	0	0	0	0	0
1	0	0	0	0	0
1	0	0	0	0	0
1	0	0	0	0	0
1	0	0	0	0	0
1	0	0	0	0	0
1	0	0	0	0	0
1	0	0	0	0	0
1	0	0	0	0	0
1	0	0	0	0	0
1	0	0	0	0	0
1	0	0	0	0	0
1	0	0	0	0	0
1	0	0	0	0	0
1	0	0	0	0	1
1	0	0	0	0	1
1	0	0	0	1	0
1	0	0	0	0	0
1	0	0	0	0	0
1	0	0	0	0	1
1	0	0	0	1	0
1	0	0	0	0	0
1	0	0	0	0	0
1	0	0	0	0	1
1	0	0	0	0	0
1	0	0	0	0	0
1	0	0	0	1	0
1	0	0	0	0	0
1	0	0	0	0	0
1	0	0	0	0	0
1	0	0	0	0	0
1	0	0	0	0	0
1	0	0	0	0	0
1	0	0	0	0	0
1	0	0	0	0	0
1	0	0	0	0	0
1	0	0	0	0	0
1	0	0	0	0	0
1	0	0	0	0	0
1	0	0	0	0	0
1	0	0	0	1	0
1	0	0	0	0	0
1	0	0	0	1	0
1	0	0	0	0	0
1	0	0	0	0	0
1	0	0	0	0	0
1	0	0	0	0	0
1	0	0	0	0	0
1	0	0	0	0	0
1	0	0	0	0	0
0	1	0	0	0	0
0	1	0	0	0	0
0	1	0	0	0	0
0	1	0	0	0	0
0	1	0	0	0	0
0	1	0	0	0	0
0	1	0	0	0	0
0	1	0	0	0	0
0	1	0	0	0	0
0	1	0	0	0	0
0	1	0	0	0	0
0	1	0	0	0	0
0	1	0	0	0	0
0	1	0	0	0	0
0	1	0	0	0	0
0	1	0	0	0	0
0	1	0	0	0	0
0	1	0	0	0	0
0	1	0	0	0	0
0	1	0	0	0	0
0	1	0	0	0	0
0	1	0	0	0	0
0	1	0	0	0	0
0	1	0	0	0	0
0	1	0	0	0	0
0	1	0	0	0	0
0	1	0	0	0	0
0	1	0	0	0	0
0	1	0	0	0	0
0	1	0	0	0	0
0	1	0	0	0	0
0	1	0	0	0	0
0	1	0	0	0	0
0	1	0	0	0	0
0	1	0	0	0	0
0	1	0	0	0	0
0	1	0	0	0	0
0	1	0	0	0	0
0	1	0	0	0	0
0	1	0	0	0	0
0	1	0	0	0	0
0	1	0	0	0	0
0	1	0	0	0	0
0	1	0	0	0	0
0	1	0	0	0	0
0	1	0	0	0	0
0	1	0	0	0	0
0	1	0	0	0	0
0	1	0	0	0	0
0	1	0	0	0	0
0	1	0	0	0	0
0	1	0	0	0	0
0	1	0	0	0	0
0	1	0	0	0	0
0	1	0	0	0	0
0	1	0	0	0	0
0	1	0	0	0	0
0	1	0	0	0	0
0	1	0	0	0	0
0	1	0	0	0	0
0	1	0	0	0	0
0	1	0	0	0	0
0	1	0	0	0	0
0	1	0	0	0	0
0	1	0	0	0	0
0	1	0	0	0	0
0	1	0	0	0	0
0	1	0	0	0	0
0	1	0	0	0	0
0	1	0	0	0	0
0	1	0	0	0	0
0	1	0	0	0	0
0	1	0	0	0	0
0	1	0	0	0	0
0	1	0	0	0	0
0	1	0	0	0	0
0	1	0	0	0	0
0	1	0	0	0	0
0	1	0	0	0	0
0	1	0	0	0	0
0	1	0	0	0	0
0	1	0	0	0	0
0	1	0	0	0	0
0	1	0	0	0	0
0	1	0	0	0	0
0	1	0	0	0	0
0	1	0	0	0	0
0	1	0	0	0	0
0	1	0	0	0	0
0	1	0	0	0	0
0	1	0	0	0	0
0	1	0	0	0	0
0	1	0	0	0	0
0	1	0	0	0	0
0	1	0	0	0	0
0	1	0	0	0	0
0	1	0	0	0	0
0	1	0	0	0	0
0	1	0	0	0	0
0	1	0	0	0	0
0	1	0	0	0	0
0	1	0	0	0	0
0	1	0	0	0	0
0	1	0	0	0	0
0	1	0	0	0	0
0	1	0	0	0	0
0	1	0	0	0	0
0	1	0	0	0	0
0	1	0	0	0	0
0	1	0	0	0	0
0	1	0	0	0	0
0	1	0	0	0	0
0	1	0	0	0	0
0	1	0	0	0	0
0	1	0	0	0	0
0	1	0	0	0	0
0	1	0	0	0	0
0	1	0	0	0	0
0	1	0	0	0	0
0	1	0	0	0	0
0	1	0	0	0	0
0	1	0	0	0	0
0	1	0	0	0	0
0	1	0	0	0	0
0	1	0	0	0	0
0	1	0	0	0	0
0	1	0	0	0	0
0	1	0	0	0	0
0	1	0	0	0	0
0	1	0	0	0	0
0	1	0	0	0	0
0	1	0	0	0	0
0	1	0	0	0	0
0	1	0	0	0	0
0	1	0	0	0	0
0	1	0	0	0	0
0	1	0	0	0	0
0	1	0	0	0	0
0	1	0	0	0	0
0	1	0	0	0	0
0	1	0	0	0	0
0	1	0	0	0	0
0	1	0	0	0	0
0	1	0	0	0	0
0	1	0	0	0	0
0	1	0	0	0	0
0	1	0	0	0	0
0	1	0	0	0	0
0	1	0	0	0	0
0	1	0	0	0	0
0	1	0	0	0	0
0	1	0	0	0	0
0	1	0	0	0	0
0	1	0	0	0	0
0	1	0	0	0	0
0	1	0	0	0	0
0	1	0	0	0	0
0	1	0	0	0	0
0	1	0	0	0	0
0	1	0	0	0	0
0	1	0	0	0	0
0	1	0	0	0	0
0	1	0	0	0	0
0	1	0	0	0	0
0	1	0	0	0	0
0	0	1	0	0	0
0	0	1	1	0	0
0	0	1	0	0	0
0	0	1	1	0	0
0	0	1	0	0	0
0	0	1	0	0	0
0	0	1	0	0	0
0	0	1	1	1	0
0	0	1	0	0	0
0	0	1	1	0	0
0	0	1	0	0	0
0	0	1	0	1	0
0	0	1	0	0	0
0	0	1	0	0	0
0	0	1	0	0	0
0	0	1	0	0	0
0	0	1	0	0	0
0	0	1	0	0	0
0	0	1	1	0	0
0	0	1	1	0	0
0	0	1	0	0	0
0	0	1	0	0	0
0	0	1	0	0	0
0	0	1	0	0	0
0	0	1	0	0	0
0	0	1	0	0	0
0	0	1	0	0	0
0	0	1	0	0	0
0	0	1	1	0	0
0	0	1	0	1	0
0	0	1	0	0	0
0	0	1	0	1	0
0	0	1	0	0	0
0	0	1	0	0	0
0	0	1	0	0	0
0	0	1	0	0	0
0	0	1	0	0	0
0	0	1	0	0	0
0	0	1	0	0	0
0	0	1	0	0	0
0	0	1	0	0	0
0	0	1	0	0	0
0	0	1	0	0	0
0	0	1	0	0	0
0	0	1	0	0	0
0	0	1	0	0	0
0	0	1	0	0	0
0	0	1	0	0	0
0	0	1	0	0	0
0	0	1	0	0	0
0	0	1	0	0	0
0	0	1	0	0	0
0	0	1	0	0	0
0	0	1	0	0	0
0	0	1	0	0	0
0	0	1	0	0	0
0	0	1	0	0	0
0	0	1	0	0	0
0	0	1	0	0	0
0	0	1	0	0	0
0	0	1	0	0	0
0	0	1	0	0	0
0	0	1	0	0	0
0	0	1	0	0	0
0	0	1	0	0	0
0	0	1	0	0	0
0	0	1	0	0	0
0	0	1	0	0	0
0	0	1	0	0	0
0	0	1	0	0	0
0	0	1	0	0	0
0	0	1	0	0	0
0	0	1	0	0	0
0	0	1	0	0	0
0	0	1	0	0	0
0	0	1	0	0	0
0	0	1	0	0	0
0	0	1	0	0	0
0	0	1	0	0	0
0	0	1	0	0	0
0	0	1	0	0	0
0	0	1	0	0	0
0	0	1	0	0	0
0	0	1	0	0	0
0	0	1	0	0	0
0	0	1	0	0	0
0	0	1	0	0	0
0	0	1	0	0	0
0	0	1	0	0	0
0	0	1	0	0	0
0	0	1	0	0	0
0	0	1	0	0	0
0	0	1	0	0	0
0	0	1	0	0	0
0	0	1	0	0	0
0	0	1	0	0	0
0	0	1	0	0	0
0	0	1	0	0	0
0	0	1	0	0	0
0	0	1	0	0	0
0	0	1	0	0	0
0	0	1	0	0	0
0	0	1	0	0	0
0	0	1	0	0	0
0	0	1	0	0	0
0	0	1	0	0	0
0	0	1	0	0	0
0	0	1	0	0	0
0	0	1	0	0	0
0	0	1	0	0	0
0	0	1	0	0	0
0	0	1	0	0	0
0	0	1	0	0	0
0	0	1	0	0	0
0	0	1	0	0	0
0	0	1	0	0	0
0	0	1	0	0	0
0	0	1	0	0	0
0	0	1	0	0	0
0	0	1	0	0	0
0	0	1	0	0	0
0	0	1	0	0	0
0	0	1	0	0	0
0	0	1	0	0	0
0	0	1	0	0	0
0	0	1	0	0	0
0	0	1	0	0	0
0	0	1	0	0	0
0	0	1	0	0	0
0	0	1	0	0	0
0	0	1	0	0	0
0	0	1	1	0	0
0	0	1	0	0	0
0	0	1	0	0	0
0	0	1	0	0	0
0	0	1	0	0	0
0	0	1	0	0	0
0	0	1	0	0	0
0	0	1	0	0	0
0	0	1	0	0	0
0	0	1	0	0	0
0	0	1	0	0	0
0	0	1	0	0	0
0	0	1	0	0	0
0	0	1	0	0	0
0	0	1	0	0	0
0	0	1	0	0	0
0	0	1	0	0	0
0	0	1	0	0	0
0	0	1	0	0	0
0	0	1	0	0	0
0	0	1	0	0	0
0	0	1	0	1	0
0	0	1	0	1	0
0	0	1	0	0	0
0	0	1	0	0	0
0	0	1	0	0	0
0	0	1	0	0	0
0	0	1	0	0	0
0	0	1	0	0	0
0	0	1	0	0	0
0	0	1	0	0	0
0	0	1	0	0	0
0	0	1	0	0	0
0	0	1	0	0	0
0	0	1	0	0	0
0	0	1	0	0	0
0	0	1	0	0	0
0	0	1	0	0	0
0	0	1	0	0	0
0	0	1	0	0	0
0	0	1	0	0	0
0	0	1	0	0	0
0	0	1	0	0	0
0	0	1	0	0	0
0	0	1	0	0	0
0	0	1	0	0	0
0	0	1	0	0	0
0	0	1	0	0	0
0	0	1	0	0	0
0	0	1	0	0	0
0	0	1	0	0	0
0	0	1	0	0	0
0	0	1	0	0	0
0	0	1	0	0	0
0	0	1	0	0	0
0	0	1	0	0	0
0	0	1	0	0	0
0	0	1	0	0	0
0	0	1	0	0	0
0	0	1	0	0	0
0	0	1	0	0	0
0	0	1	0	0	0
0	0	1	0	0	0
0	0	1	0	0	0
0	0	1	0	0	0
0	0	1	0	0	0
0	0	0	1	1	0
0	0	0	1	0	0
0	0	0	1	1	0
0	0	0	1	0	0
0	0	0	1	0	0
0	0	0	1	0	0
0	0	0	1	0	0
0	0	0	1	0	0
0	0	0	1	0	0
0	0	0	1	0	0
0	0	0	1	0	0
0	0	0	1	0	0
0	0	0	1	0	0
0	0	0	1	0	0
0	0	0	1	0	0
0	0	0	1	0	0
0	0	0	1	0	0
0	0	0	1	0	0
0	0	0	0	1	0
0	0	0	1	0	0
0	0	0	1	0	0
0	0	0	1	0	0
0	0	0	1	0	0
0	0	0	1	1	0
0	0	0	1	0	0
0	0	0	1	0	0
0	0	0	1	0	0
0	0	0	1	0	0
0	0	0	1	0	0
0	0	0	1	0	0
0	0	0	1	0	0
0	0	0	1	0	0
0	0	0	1	0	0
0	0	0	1	0	0
0	0	0	1	0	0
0	0	0	1	0	0
0	0	0	1	0	0
0	0	0	1	0	0
0	0	0	1	0	0
0	0	0	1	0	0
0	0	0	1	0	0
0	0	0	1	0	0
0	0	0	1	0	0
0	0	0	1	0	0
0	0	0	1	0	0
0	0	0	1	0	0
0	0	0	1	0	0
0	0	0	1	0	0
0	0	0	1	0	0
0	0	0	1	0	0
0	0	0	1	0	0
0	0	0	1	0	0
0	0	0	1	0	0
0	0	0	1	0	0
0	0	0	1	1	0
0	0	0	1	0	0
0	0	0	1	0	0
0	0	0	1	0	0
0	0	0	1	1	0
0	0	0	1	0	0
0	0	0	1	0	0
0	0	0	1	0	0
0	0	0	1	0	0
0	0	0	1	0	0
0	0	0	1	0	0
0	0	0	1	0	0
0	0	0	1	0	0
0	0	0	1	0	0
0	0	0	1	0	0
0	0	0	1	1	0
0	0	0	1	0	0
0	0	0	1	0	0
0	0	0	1	1	0
0	0	0	1	0	0
0	0	0	1	1	0
0	0	0	1	0	0
0	0	0	1	0	0
0	0	0	1	0	0
0	0	0	1	0	0
0	0	0	1	0	0
0	0	0	1	0	0
0	0	0	1	0	0
0	0	0	1	0	0
0	0	0	1	0	0
0	0	0	1	0	0
0	0	0	1	0	0
0	0	0	1	0	0
0	0	0	1	0	0
0	0	0	1	0	0
0	0	0	1	0	0
0	0	0	1	0	0
0	0	0	1	0	0
0	0	0	1	0	0
0	0	0	1	1	0
0	0	0	1	0	0
0	0	0	1	0	0
0	0	0	1	0	0
0	0	0	1	0	0
0	0	0	1	0	0
0	0	0	1	0	0
0	0	0	1	0	0
0	0	0	1	0	0
0	0	0	1	0	0
0	0	0	1	0	0
0	0	0	1	0	0
0	0	0	1	0	0
0	0	0	1	0	0
0	0	0	1	0	0
0	0	0	1	0	0
0	0	0	1	0	0
0	0	0	1	1	0
0	0	0	1	0	0
0	0	0	1	0	0
0	0	0	1	1	0
0	0	0	1	0	0
0	0	0	1	0	0
0	0	0	1	0	0
0	0	0	1	0	0
0	0	0	1	0	0
0	0	0	1	0	0
0	0	0	1	0	0
0	0	0	1	1	0
0	0	0	1	0	0
0	0	0	1	0	0
0	0	0	1	0	0
0	0	0	1	0	0
0	0	0	1	0	0
0	0	0	1	0	0
0	0	0	1	0	0
0	0	0	1	0	0
0	0	0	1	0	0
0	0	0	1	0	0
0	0	0	1	1	0
0	0	0	1	0	0
0	0	0	1	0	0
0	0	0	1	0	0
0	0	0	1	0	0
0	0	0	1	0	0
0	0	0	1	0	0
0	0	0	1	0	0
0	0	0	1	0	0
0	0	0	1	0	0
0	0	0	1	0	0
0	0	0	1	0	0
0	0	0	1	0	0
0	0	0	1	0	0
0	0	0	1	0	0
0	0	0	1	0	0
0	0	0	1	0	0
0	0	0	1	0	0
0	0	0	1	0	0
0	0	0	1	0	0
0	0	0	1	0	0
0	0	0	1	0	0
0	0	0	1	0	0
0	0	0	1	1	0
0	0	0	1	0	0
0	0	0	1	0	0
0	0	0	1	0	0
0	0	0	1	0	0
0	0	0	1	0	0
0	0	0	1	0	0
0	0	0	1	0	0
0	0	0	1	1	0
0	0	0	1	0	0
0	0	0	1	0	0
0	0	0	1	0	0
0	0	0	1	0	0
0	0	0	1	0	0
0	0	0	1	0	0
0	0	0	1	0	0
0	0	0	1	0	0
0	0	0	1	0	0
0	0	0	1	0	0
0	0	0	1	0	0
0	0	0	1	0	0
0	0	0	1	0	0
0	0	0	0	1	0
0	0	0	0	1	0
0	0	0	0	1	0
0	0	0	0	1	0
0	0	0	0	1	0
0	0	0	0	1	0
0	0	0	0	1	0
0	0	0	0	1	0
0	0	0	0	1	0
0	0	0	0	1	0
0	0	0	0	1	0
0	0	0	0	1	0
0	0	0	0	1	0
0	0	0	0	1	0
0	0	0	0	1	0
0	0	0	0	1	0
0	0	0	0	1	0
0	0	0	0	1	0
0	0	0	0	1	0
0	0	0	0	1	0
0	0	0	0	1	0
0	0	0	0	1	0
0	0	0	0	1	0
0	0	0	0	1	0
0	0	0	0	1	0
0	0	0	0	1	0
0	0	0	0	1	0
0	0	0	0	1	0
0	0	0	0	1	0
0	0	0	0	1	0
0	0	0	0	1	0
0	0	0	1	1	0
0	0	0	1	1	0
0	0	0	0	1	0
0	0	0	0	1	0
0	0	0	0	1	0
0	0	0	0	1	0
0	0	0	0	1	0
0	0	0	0	1	0
0	0	0	0	1	0
0	0	0	0	1	0
0	0	0	0	1	0
0	0	0	1	1	0
0	0	0	1	1	0
0	0	0	0	1	0
0	0	0	0	1	0
0	0	0	0	1	0
0	0	0	0	1	0
0	0	0	0	1	0
0	0	0	0	1	0
0	0	0	0	1	0
0	0	0	0	1	0
0	0	0	0	1	0
0	0	0	1	1	0
0	0	0	0	1	0
0	0	0	0	1	0
0	0	0	0	1	0
0	0	0	0	1	0
0	0	0	0	1	0
0	0	0	0	1	0
0	0	0	0	1	0
0	0	0	0	1	0
0	0	0	0	1	0
0	0	0	0	1	0
0	0	0	0	1	0
0	0	0	0	1	0
0	0	0	0	1	0
0	0	0	0	1	0
0	0	0	0	1	0
0	0	0	0	1	0
0	0	0	0	1	0
0	0	0	0	1	0
0	0	0	0	1	0
0	0	0	1	1	0
0	0	0	1	1	0
0	0	0	0	1	0
0	0	0	0	1	0
0	0	0	0	1	0
0	0	0	0	1	0
0	0	0	0	1	0
0	0	0	0	1	0
0	0	0	0	1	0
0	0	0	0	1	0
0	0	0	0	1	0
0	0	0	0	1	0
0	0	0	0	1	0
0	0	0	0	1	0
0	0	0	0	1	0
0	0	0	0	1	0
0	0	0	0	1	0
0	0	0	0	1	0
0	0	0	0	1	0
0	0	0	0	1	0
0	0	0	0	1	0
0	0	0	0	1	0
0	0	0	0	1	0
0	0	0	0	1	0
0	0	0	0	1	0
0	0	0	0	1	0
0	0	0	0	1	0
0	0	0	0	1	0
0	0	0	0	1	0
0	0	0	0	1	0
0	0	0	0	1	0
0	0	0	0	1	0
0	0	0	0	1	0
0	0	0	0	1	0
0	0	0	0	1	0
0	0	0	0	1	0
0	0	0	0	1	0
0	0	0	0	1	0
0	0	0	0	1	0
0	0	0	0	1	0
0	0	0	0	1	0
0	0	0	0	1	0
0	0	0	0	1	0
0	0	0	0	1	0
0	0	0	0	1	0
0	0	0	0	1	0
0	0	0	0	1	0
0	0	0	0	1	0
0	0	0	0	1	0
0	0	0	0	1	0
0	0	0	0	1	0
0	0	0	0	1	0
0	0	0	0	1	0
0	0	0	0	1	0
0	0	0	0	1	0
0	0	0	0	1	0
0	0	0	0	1	0
0	0	0	0	1	0
0	0	0	0	1	0
0	0	0	0	1	0
0	0	0	0	1	0
0	0	0	0	1	0
0	0	0	1	1	0
0	0	0	0	1	0
0	0	0	0	1	0
0	0	0	1	1	0
0	0	0	0	1	0
0	0	0	0	1	0
0	0	0	0	1	0
0	0	0	0	1	0
0	0	0	0	1	0
0	0	0	0	1	0
0	0	0	0	1	0
0	0	0	0	1	0
0	0	0	0	1	0
0	0	0	0	1	0
0	0	0	0	1	0
0	0	0	0	1	0
0	0	0	0	1	0
0	0	0	0	1	0
0	0	0	0	1	0
0	0	0	0	1	0
0	0	0	0	1	0
0	0	0	0	1	0
0	0	0	1	1	0
0	0	0	0	1	0
0	0	0	0	1	0
0	0	0	0	1	0
0	0	0	0	1	0
0	0	0	0	1	0
0	0	0	0	1	0
0	0	0	0	1	0
0	0	0	0	1	0
0	0	0	0	1	0
0	0	0	0	1	0
0	0	0	0	1	0
0	0	0	0	1	0
0	0	0	0	1	0
0	0	0	0	1	0
0	0	0	0	1	0
0	0	0	0	1	0
0	0	0	0	1	0
0	0	0	0	1	0
0	0	0	0	1	0
0	0	0	0	1	0
0	0	0	0	1	0
0	0	0	0	1	0
0	0	0	0	1	0
0	0	0	0	1	0
0	0	0	0	1	0
0	0	0	0	1	0
0	0	0	0	1	0
0	0	0	0	1	0
0	0	0	0	1	0
0	0	0	0	1	0
0	0	0	0	1	0
0	0	0	0	1	0
0	0	0	0	1	0
0	0	0	0	1	0
0	0	0	0	1	0
0	0	0	0	1	0
0	0	0	0	1	0
0	0	0	0	1	0
0	0	0	0	1	0
0	0	0	0	1	0
0	0	0	0	1	0
0	0	0	0	1	0
0	0	0	0	1	0
0	0	0	0	1	0
0	0	0	0	1	0
0	0	0	0	1	0
0	0	0	0	1	0
0	0	0	0	1	0
0	0	0	0	1	0
0	0	0	0	1	0
0	0	0	0	1	0
0	0	0	0	1	0
0	0	0	0	1	0
0	0	0	0	1	0
0	0	0	0	1	0
0	0	0	0	1	0
0	0	0	0	1	0
0	0	0	0	1	0
0	0	0	0	1	0
0	0	0	0	1	0
0	0	0	0	1	0
0	0	0	0	1	0
0	0	0	0	1	0
0	0	0	0	1	0
0	0	0	0	1	0
0	0	0	1	1	0
0	0	0	0	1	0
0	0	0	0	1	0
0	0	0	0	1	0
0	0	0	0	1	0
0	0	0	0	1	0
0	0	0	0	1	0
0	0	0	0	1	0
0	0	0	0	1	0
0	0	0	0	1	0
0	0	0	0	0	1
0	0	0	0	0	1
0	0	0	0	0	1
0	0	0	0	0	1
0	0	0	0	0	1
0	0	0	0	0	1
0	0	0	0	0	1
0	0	0	0	0	1
0	0	0	0	0	1
0	0	0	0	0	1
0	0	0	0	0	1
0	0	0	0	0	1
0	0	0	0	0	1
0	0	0	0	0	1
0	0	0	0	0	1
0	0	0	0	0	1
0	0	0	0	0	1
0	0	0	0	0	1
0	0	0	0	0	1
0	0	0	0	0	1
0	0	0	0	0	1
0	0	0	0	0	1
0	0	0	0	0	1
0	0	0	0	0	1
0	0	0	0	0	1
0	0	0	0	0	1
0	0	0	0	0	1
0	0	0	0	0	1
0	0	0	0	0	1
0	0	0	0	0	1
0	0	0	0	0	1
0	0	0	0	0	1
0	0	0	0	0	1
0	0	0	0	0	1
0	0	0	0	0	1
0	0	0	0	0	1
0	0	0	0	0	1
0	0	0	0	0	1
0	0	0	0	0	1
0	0	0	0	0	1
0	0	0	0	0	1
0	0	0	0	0	1
0	0	0	0	0	1
0	0	0	0	0	1
0	0	0	0	0	1
0	0	0	0	0	1
0	0	0	0	0	1
0	0	0	0	0	1
0	0	0	0	0	1
0	0	0	0	0	1
0	0	0	0	0	1
0	0	0	0	0	1
0	0	0	0	0	1
0	0	0	0	0	1
0	0	0	0	0	1
0	0	0	0	0	1
0	0	0	0	0	1
0	0	0	0	0	1
0	0	0	0	0	1
0	0	0	0	0	1
0	0	0	0	0	1
0	0	0	0	0	1
0	0	0	0	0	1
0	0	0	0	0	1
0	0	0	0	0	1
0	0	0	0	0	1
0	0	0	0	0	1
0	0	0	0	0	1
0	0	0	0	0	1
0	0	0	0	0	1
0	0	0	0	0	1
0	0	0	0	0	1
0	0	0	0	0	1
0	0	0	0	0	1
0	0	0	0	0	1
0	0	0	0	0	1
0	0	0	0	0	1
0	0	0	0	0	1
0	0	0	0	0	1
0	0	0	0	0	1
0	0	0	0	0	1
0	0	0	0	0	1
0	0	0	0	0	1
0	0	0	0	0	1
0	0	0	0	0	1
0	0	0	0	0	1
0	0	0	0	0	1
0	0	0	0	0	1
0	0	0	0	0	1
0	0	0	0	0	1
0	0	0	0	0	1
0	0	0	0	0	1
0	0	0	0	0	1
0	0	0	0	0	1
0	0	0	0	0	1
0	0	0	0	0	1
0	0	0	0	0	1
0	0	0	0	0	1
0	0	0	0	0	1
0	0	0	0	0	1
0	0	0	0	0	1
0	0	0	0	0	1
0	0	0	0	0	1
0	0	0	0	0	1
0	0	0	0	0	1
0	0	0	0	0	1
0	0	0	0	0	1
0	0	0	0	0	1
0	0	0	0	0	1
0	0	0	0	0	1
0	0	0	0	0	1
0	0	0	0	0	1
0	0	0	0	0	1
0	0	0	0	0	1
0	0	0	0	0	1
0	0	0	0	0	1
0	0	0	0	0	1
0	0	0	0	0	1
0	0	0	0	0	1
0	0	0	0	0	1
0	0	0	0	0	1
0	0	0	0	0	1
0	0	0	0	0	1
0	0	0	0	1	1
0	0	0	0	0	1
0	0	0	0	0	1
0	0	0	0	0	1
0	0	0	0	0	1
0	0	0	0	0	1
0	0	0	0	0	1
0	0	0	0	0	1
0	0	0	0	0	1
0	0	0	0	0	1
0	0	0	0	0	1
0	0	0	0	0	1
0	0	0	0	0	1
0	0	0	0	0	1
0	0	0	0	0	1
0	0	0	0	0	1
0	0	0	0	0	1
0	0	0	0	0	1
0	0	0	0	0	1
0	0	0	0	0	1
0	0	0	0	0	1
0	0	0	0	0	1
0	0	0	0	0	1
0	0	0	0	0	1
0	0	0	0	0	1
0	0	0	0	0	1
0	0	0	0	0	1
0	0	0	0	0	1
0	0	0	0	0	1
0	0	0	0	0	1
0	0	0	0	0	1
0	0	0	0	0	1
0	0	0	0	0	1
0	0	0	0	0	1
0	0	0	0	0	1
0	0	0	0	0	1
0	0	0	0	0	1
0	0	0	0	0	1
0	0	0	0	0	1
0	0	0	0	0	1
0	0	0	0	0	1
0	0	0	0	0	1
0	0	0	0	0	1
0	0	0	0	0	1
0	0	0	1	0	1
0	0	0	0	0	1
0	0	0	0	0	1
0	0	0	0	0	1
0	0	0	0	0	1
0	0	0	0	0	1
0	0	0	0	0	1
0	0	0	0	0	1
0	0	0	0	0	1
0	0	0	0	0	1
0	0	0	0	0	1
0	0	0	0	0	1
0	0	0	0	0	1
0	0	0	0	0	1
0	0	0	0	0	1
0	0	0	0	0	1
0	0	0	0	0	1
0	0	0	0	0	1
0	0	0	0	0	1
0	0	0	0	0	1
0	0	0	0	0	1
0	0	0	0	0	1
0	0	0	0	0	1
0	0	0	0	0	1
0	0	0	0	0	1
0	0	0	0	0	1
0	0	0	0	0	1
0	0	0	0	0	1
0	0	0	0	0	1
0	0	0	0	0	1
0	0	0	0	0	1
0	0	0	0	0	1
0	0	0	0	0	1
0	0	0	0	0	1
0	0	0	0	0	1
0	0	0	0	0	1
0	0	0	0	0	1
0	0	0	0	0	1
0	0	0	0	0	1
0	0	0	0	0	1
0	0	0	0	0	1
0	0	0	0	0	1
0	0	0	0	0	1
0	0	0	0	0	1
0	0	0	0	0	1
1	0	0	0	1	0
1	0	0	0	0	0
1	0	0	0	0	0
1	0	0	0	1	0
1	0	0	0	0	0
1	0	0	0	0	0
1	0	0	0	0	0
1	0	0	0	0	0
1	0	0	0	0	0
1	0	0	0	0	0
1	0	0	0	0	0
1	0	0	0	0	0
1	0	0	0	0	0
1	0	0	0	0	0
1	0	0	0	0	0
1	0	0	0	0	0
1	0	0	0	0	0
1	0	0	0	1	0
1	0	0	0	0	0
1	0	0	0	0	0
1	0	0	0	1	0
1	0	0	0	0	0
1	0	0	0	0	0
1	0	0	0	0	0
1	0	0	0	0	0
1	0	0	0	0	0
1	0	0	0	0	0
1	0	0	0	1	0
1	0	0	0	0	0
1	0	0	0	0	0
1	0	0	0	0	0
1	0	0	0	0	0
1	0	0	0	0	0
1	0	0	0	0	0
1	0	0	0	0	0
1	0	0	0	0	0
1	0	0	0	0	1
1	0	0	0	0	0
1	0	0	0	0	0
1	0	0	0	0	0
1	0	0	0	0	0
1	0	0	0	0	0
1	0	0	0	0	0
1	0	0	0	0	0
1	0	0	0	0	0
1	0	0	0	0	0
1	0	0	0	0	0
1	0	0	0	0	0
1	0	0	0	0	0
1	0	0	0	0	0
1	0	0	0	0	0
1	0	0	0	0	0
1	0	0	0	0	0
1	0	0	0	0	0
1	0	0	0	0	0
1	0	0	0	0	1
1	0	0	0	0	0
1	0	0	0	0	0
1	0	0	0	0	1
1	0	0	0	0	0
1	0	0	0	0	0
1	0	0	0	0	0
1	0	0	0	0	0
1	0	0	0	0	0
1	0	0	0	0	0
1	0	0	0	0	0
1	0	0	0	0	0
1	0	0	0	0	0
1	0	0	0	0	0
1	0	0	0	0	0
1	0	0	0	0	0
1	0	0	0	0	0
1	0	0	0	0	0
1	0	0	0	0	0
1	0	0	0	0	0
1	0	0	0	0	0
1	0	0	0	0	1
1	0	0	0	0	0
1	0	0	0	0	0
1	0	0	0	0	0
1	0	0	0	0	0
1	0	0	0	0	0
1	0	0	0	0	0
1	0	0	0	0	0
1	0	0	0	0	0
1	0	0	0	0	0
1	0	0	0	0	0
1	0	0	0	0	0
1	0	0	0	0	0
1	0	0	0	0	0
1	0	0	0	0	0
1	0	0	0	0	0
1	0	0	0	0	0
1	0	0	0	0	0
1	0	0	0	0	0
1	0	0	0	0	0
1	0	0	0	0	0
1	0	0	0	0	0
1	0	0	0	0	0
1	0	0	0	0	0
1	0	0	0	0	0
1	0	0	0	0	0
1	0	0	0	0	0
1	0	0	0	0	0
1	0	0	0	0	0
1	0	0	0	0	0
1	0	0	0	0	0
1	0	0	0	0	0
1	0	0	0	1	0
1	0	0	0	0	0
1	0	0	0	0	0
1	0	0	0	0	0
1	0	0	0	1	0
1	0	0	0	0	0
1	0	0	0	0	0
1	0	0	0	0	0
1	0	0	0	0	0
1	0	0	0	0	0
1	0	0	0	0	0
1	0	0	0	0	0
1	0	0	0	0	0
1	0	0	0	0	0
1	0	0	0	0	0
1	0	0	0	0	0
1	0	0	0	0	0
1	0	0	0	0	1
1	0	0	0	0	0
1	0	0	0	0	0
1	0	0	0	0	0
1	0	0	0	0	0
1	0	0	0	0	1
1	0	0	0	0	0
1	0	0	0	1	0
1	0	0	0	0	0
1	0	0	0	0	0
1	0	0	0	0	0
1	0	0	0	0	0
1	0	0	0	0	0
1	0	0	0	0	0
1	0	0	0	0	0
1	0	0	0	0	0
1	0	0	0	0	0
1	0	0	0	0	0
1	0	0	0	0	0
1	0	0	0	0	0
1	0	0	0	0	0
1	0	0	0	0	0
1	0	0	0	0	0
1	0	0	0	0	0
1	0	0	0	0	0
1	0	0	0	0	0
1	0	0	0	0	0
1	0	0	0	0	0
1	0	0	0	1	0
1	0	0	0	0	0
1	0	0	0	1	0
1	0	0	0	0	0
1	0	0	0	0	0
1	0	0	0	0	0
1	0	0	0	0	0
1	0	0	0	0	0
1	0	0	0	1	0
1	0	0	0	0	0
1	0	0	0	0	0
1	0	0	0	0	0
1	0	0	1	0	0
1	0	0	0	0	0
1	0	0	0	0	0
1	0	0	0	0	0
1	0	0	0	0	1
1	0	0	0	0	0
1	0	0	0	0	0
1	0	0	0	0	0
1	0	0	0	1	0
1	0	0	0	1	0
1	0	0	0	0	0
1	0	0	0	1	0
1	0	0	0	0	0
1	0	0	0	0	0
1	0	0	0	1	0
1	0	0	0	1	0
1	0	0	0	0	0
1	0	0	0	0	0
1	0	0	0	0	0
1	0	0	0	0	0
1	0	0	0	0	0
1	0	0	0	0	0
1	0	0	0	0	0
1	0	0	0	0	0
1	0	0	0	0	0
1	0	0	0	0	0
1	0	0	0	0	0
1	0	0	0	0	0
1	0	0	0	1	0
1	0	0	0	0	0
1	0	0	0	0	0
1	0	0	0	0	0
1	0	0	0	0	0
1	0	0	0	0	0
1	0	0	0	0	0
0	1	0	0	0	0
0	1	0	0	0	0
0	1	0	0	0	0
0	1	0	0	0	0
0	1	0	0	0	0
0	1	0	0	0	0
0	1	0	0	0	0
0	1	0	0	0	0
0	1	0	0	0	0
0	1	0	0	0	0
0	1	0	0	0	0
0	1	0	0	0	0
0	1	0	0	0	0
0	1	0	0	0	0
0	1	0	0	0	0
0	1	0	0	0	0
0	1	0	0	0	0
0	1	0	0	0	0
0	1	0	0	0	0
0	1	0	0	0	0
0	1	0	0	0	0
0	1	0	0	0	0
0	1	0	0	0	0
0	1	0	0	0	0
0	1	0	0	0	0
0	1	0	0	0	0
0	1	0	0	0	0
0	1	0	0	0	0
0	1	0	0	0	0
0	1	0	0	0	0
0	1	0	0	0	0
0	1	0	0	0	0
0	1	0	0	0	0
0	1	0	0	0	0
0	1	0	0	0	0
0	1	0	0	0	0
0	1	0	0	0	0
0	1	0	0	0	0
0	1	0	0	0	0
0	1	0	0	0	0
0	1	0	0	0	0
0	1	0	0	0	0
0	1	0	0	0	0
0	1	0	0	0	0
0	1	0	0	0	0
0	1	0	0	0	0
0	1	0	0	0	0
0	1	0	0	0	0
0	1	0	0	0	0
0	1	0	0	0	0
0	1	0	0	0	0
0	1	0	0	0	0
0	1	0	0	0	0
0	1	0	0	0	0
0	1	0	0	0	0
0	1	0	0	0	0
0	1	0	0	0	0
0	1	0	0	0	0
0	1	0	0	0	0
0	1	0	0	0	0
0	1	0	0	0	0
0	1	0	0	0	0
0	1	0	0	0	0
0	1	0	0	0	0
0	1	0	0	0	0
0	1	0	0	0	0
0	1	0	0	0	0
0	1	0	0	0	0
0	1	0	0	0	0
0	1	0	0	0	0
0	1	0	0	0	0
0	1	0	0	0	0
0	1	0	0	0	0
0	1	0	0	0	0
0	1	0	0	0	0
0	1	0	0	0	0
0	1	0	0	0	0
0	1	0	0	0	0
0	1	0	0	0	0
0	1	0	0	0	0
0	1	0	0	0	0
0	1	0	0	0	0
0	1	0	0	0	0
0	1	0	0	0	0
0	1	0	0	0	0
0	1	0	0	0	0
0	1	0	0	0	0
0	1	0	0	0	0
0	1	0	0	0	0
0	1	0	0	0	0
0	1	0	0	0	0
0	1	0	0	0	0
0	1	0	0	0	0
0	1	0	0	0	0
0	1	0	0	0	0
0	1	0	0	0	0
0	1	0	0	0	0
0	1	0	0	0	0
0	1	0	0	0	0
0	1	0	0	0	0
0	1	0	0	0	0
0	1	0	0	0	0
0	1	0	0	0	0
0	1	0	0	0	0
0	1	0	0	0	0
0	1	0	0	0	0
0	1	0	0	0	0
0	1	0	0	0	0
0	1	0	0	0	0
0	1	0	0	0	0
0	1	0	0	0	0
0	1	0	0	0	0
0	1	0	0	0	0
0	1	0	0	0	0
0	1	0	0	0	0
0	1	0	0	0	0
0	1	0	0	0	0
0	1	0	0	0	0
0	1	0	0	0	0
0	1	0	0	0	0
0	1	0	0	0	0
0	1	0	0	0	0
0	1	0	0	0	0
0	1	0	0	0	0
0	1	0	0	0	0
0	1	0	0	0	0
0	1	0	0	0	0
0	1	0	0	0	0
0	1	0	0	0	0
0	1	0	0	0	0
0	1	0	0	0	0
0	1	0	0	0	0
0	1	0	0	0	0
0	1	0	0	0	0
0	1	0	0	0	0
0	1	0	0	0	0
0	1	0	0	0	0
0	1	0	0	0	0
0	1	0	0	0	0
0	1	0	0	0	0
0	1	0	0	0	0
0	1	0	0	0	0
0	1	0	0	0	0
0	1	0	0	0	0
0	1	0	0	0	0
0	1	0	0	0	0
0	1	0	0	0	0
0	1	0	0	0	0
0	1	0	0	0	0
0	1	0	0	0	0
0	1	0	0	0	0
0	1	0	0	0	0
0	1	0	0	0	0
0	1	0	0	0	0
0	1	0	0	0	0
0	1	0	0	0	0
0	1	0	0	0	0
0	1	0	0	0	0
0	1	0	0	0	0
0	1	0	0	0	0
0	1	0	0	0	0
0	1	0	0	0	0
0	1	0	0	0	0
0	1	0	0	0	0
0	1	0	0	0	0
0	1	0	0	0	0
0	1	0	0	0	0
0	1	0	0	0	0
0	1	0	0	0	0
0	1	0	0	0	0
0	1	0	0	0	0
0	1	0	0	0	0
0	1	0	0	0	0
0	1	0	0	0	0
0	1	0	0	0	0
0	1	0	0	0	0
0	1	0	0	0	0
0	1	0	0	0	0
0	1	0	0	0	0
0	1	0	0	0	0
0	1	0	0	0	0
0	1	0	0	0	0
0	1	0	0	0	0
0	1	0	0	0	0
0	1	0	0	0	0
0	1	0	0	0	0
0	1	0	0	0	0
0	1	0	0	0	0
0	1	0	0	0	0
0	1	0	0	0	0
0	1	0	0	0	0
0	1	0	0	0	0
0	1	0	0	0	0
0	1	0	0	0	0
0	1	0	0	0	0
0	1	0	0	0	0
0	1	0	0	0	0
0	1	0	0	0	0
0	1	0	0	0	0
0	0	1	0	0	0
0	0	1	0	0	0
0	0	1	0	0	0
0	0	1	0	0	0
0	0	1	0	0	0
0	0	1	1	0	0
0	0	1	1	0	0
0	0	1	0	1	0
0	0	1	1	0	0
0	0	1	0	0	0
0	0	1	1	0	0
0	0	1	1	0	0
0	0	1	0	0	0
0	0	1	0	0	0
0	0	1	0	0	0
0	0	1	1	0	0
0	0	1	0	0	0
0	0	1	0	0	0
0	0	1	0	0	0
0	0	1	0	0	0
0	0	1	1	0	0
0	0	1	0	0	0
0	0	1	0	0	0
0	0	1	0	0	0
0	0	1	1	0	0
0	0	1	0	0	0
0	0	1	0	0	0
0	0	1	0	0	0
0	0	1	0	0	0
0	0	1	0	0	0
0	0	1	0	0	0
0	0	1	0	1	0
0	0	1	0	1	0
0	0	1	0	0	0
0	0	1	0	0	0
0	0	1	0	0	0
0	0	1	0	0	0
0	0	1	0	0	0
0	0	1	0	0	0
0	0	1	0	0	0
0	0	1	1	0	0
0	0	1	1	0	0
0	0	1	1	0	0
0	0	1	0	0	0
0	0	1	0	0	0
0	0	1	0	0	0
0	0	1	0	0	0
0	0	1	0	0	0
0	0	1	0	0	0
0	0	1	0	0	0
0	0	1	0	0	0
0	0	1	0	0	0
0	0	1	0	0	0
0	0	1	0	0	0
0	0	1	0	0	0
0	0	1	0	0	0
0	0	1	0	0	0
0	0	1	0	0	0
0	0	1	0	1	0
0	0	1	0	0	0
0	0	1	0	0	0
0	0	1	0	0	0
0	0	1	0	0	0
0	0	1	0	0	0
0	0	1	0	0	0
0	0	1	0	0	0
0	0	1	0	0	0
0	0	1	0	1	0
0	0	1	0	0	0
0	0	1	0	0	0
0	0	1	0	0	0
0	0	1	0	0	0
0	0	1	0	0	0
0	0	1	0	0	0
0	0	1	0	0	0
0	0	1	0	0	0
0	0	1	0	0	0
0	0	1	0	0	0
0	0	1	1	0	0
0	0	1	0	0	0
0	0	1	0	0	0
0	0	1	0	0	0
0	0	1	0	0	0
0	0	1	0	0	0
0	0	1	0	0	0
0	0	1	0	0	0
0	0	1	0	0	0
0	0	1	0	0	0
0	0	1	0	0	0
0	0	1	0	0	0
0	0	1	0	0	0
0	0	1	0	0	0
0	0	1	0	0	0
0	0	1	1	0	0
0	0	1	0	0	0
0	0	1	0	0	0
0	0	1	0	0	0
0	0	1	0	0	0
0	0	1	0	0	0
0	0	1	0	0	0
0	0	1	0	0	0
0	0	1	0	0	0
0	0	1	0	0	0
0	0	1	0	0	0
0	0	1	0	0	0
0	0	1	0	0	0
0	0	1	0	0	0
0	0	1	0	0	0
0	0	1	0	0	0
0	0	1	0	0	0
0	0	1	0	0	0
0	0	1	0	0	0
0	0	1	0	0	0
0	0	1	0	0	0
0	0	1	0	0	0
0	0	1	0	0	0
0	0	1	0	0	0
0	0	1	0	0	0
0	0	1	0	0	0
0	0	1	0	0	0
0	0	1	0	0	0
0	0	1	0	0	0
0	0	1	0	0	0
0	0	1	0	0	0
0	0	1	0	0	0
0	0	1	0	0	0
0	0	1	0	0	0
0	0	1	0	0	0
0	0	1	0	0	0
0	0	1	0	0	0
0	0	1	0	0	0
0	0	1	1	0	0
0	0	1	0	0	0
0	0	1	0	0	0
0	0	1	0	0	0
0	0	1	0	0	0
0	0	1	0	0	0
0	0	1	0	0	0
0	0	1	0	0	0
0	0	1	1	0	0
0	0	1	0	0	0
0	0	1	0	0	0
0	0	1	0	0	0
0	0	1	0	0	0
0	0	1	0	0	0
0	0	1	0	0	0
0	0	1	0	0	0
0	0	1	0	0	0
0	0	1	0	0	0
0	0	1	0	0	0
0	0	1	0	0	0
0	0	1	0	0	0
0	0	1	0	0	0
0	0	1	0	0	0
0	0	1	0	0	0
0	0	1	1	0	0
0	0	1	0	0	0
0	0	1	0	1	0
0	0	1	0	1	0
0	0	1	0	0	0
0	0	1	0	0	0
0	0	1	0	0	0
0	0	1	0	0	0
0	0	1	0	0	0
0	0	1	0	0	0
0	0	1	0	0	0
0	0	1	0	0	0
0	0	1	0	0	0
0	0	1	0	0	0
0	0	1	0	0	0
0	0	1	0	0	0
0	0	1	0	0	0
0	0	1	0	0	0
0	0	1	0	0	0
0	0	1	0	0	0
0	0	1	0	0	0
0	0	1	0	0	0
0	0	1	0	0	0
0	0	1	0	0	0
0	0	1	0	0	0
0	0	1	0	0	0
0	0	1	0	0	0
0	0	1	0	0	0
0	0	1	0	0	0
0	0	1	0	0	0
0	0	1	0	0	0
0	0	1	0	0	0
0	0	1	0	0	0
0	0	1	0	1	0
0	0	1	0	0	0
0	0	1	0	0	0
0	0	1	0	0	0
0	0	1	0	0	0
0	0	1	0	0	0
0	0	1	0	0	0
0	0	1	0	0	0
0	0	1	0	0	0
0	0	1	0	0	0
0	0	1	0	0	0
0	0	1	0	0	0
0	0	0	1	0	0
0	0	0	1	0	0
0	0	0	1	1	0
0	0	0	1	1	0
0	0	0	1	0	0
0	0	0	1	0	0
0	0	0	1	0	0
0	0	0	1	0	0
0	0	0	1	0	0
0	0	0	1	0	0
0	0	0	1	1	0
0	0	0	1	0	0
0	0	0	1	0	0
0	0	0	1	1	0
0	0	0	1	1	0
0	0	0	1	1	0
0	0	0	1	0	0
0	0	0	1	0	0
0	0	0	1	0	0
0	0	0	1	0	0
0	0	0	1	0	0
0	0	0	1	0	0
0	0	0	1	0	0
0	0	0	1	0	0
0	0	0	1	1	0
0	0	0	1	0	0
0	0	0	1	0	0
0	0	0	1	0	0
0	0	0	1	0	0
0	0	0	1	0	0
0	0	0	1	0	0
0	0	0	1	0	0
0	0	0	1	0	0
0	0	0	1	0	0
0	0	0	1	0	0
0	0	0	1	0	0
0	0	0	1	0	0
0	0	0	1	0	0
0	0	0	1	0	0
0	0	0	1	0	0
0	0	0	1	0	0
0	0	0	1	0	0
0	0	0	1	0	0
0	0	0	1	0	0
0	0	0	1	0	0
0	0	0	1	0	0
0	0	0	1	0	0
0	0	0	1	1	0
0	0	0	1	0	0
0	0	0	1	0	0
0	0	0	1	0	0
0	0	0	1	0	0
0	0	0	1	0	0
0	0	0	1	0	0
0	0	0	1	0	0
0	0	0	1	0	0
0	0	0	1	0	0
0	0	0	1	0	0
0	0	0	1	0	0
0	0	0	1	0	0
0	0	0	1	1	0
0	0	0	1	1	0
0	0	0	1	0	0
0	0	0	1	0	0
0	0	0	1	0	0
0	0	0	1	0	0
0	0	0	1	0	0
0	0	0	1	0	0
0	0	0	1	0	0
0	0	0	1	0	0
0	0	0	1	0	0
0	0	0	1	0	0
0	0	0	1	0	0
0	0	0	1	0	0
0	0	0	1	0	0
0	0	0	1	1	0
0	0	0	1	1	0
0	0	0	1	1	0
0	0	0	1	0	0
0	0	0	1	0	0
0	0	0	1	0	0
0	0	0	1	1	0
0	0	0	1	0	0
0	0	0	1	0	0
0	0	0	1	0	0
0	0	0	1	0	0
0	0	0	1	0	0
0	0	0	1	0	0
0	0	0	1	0	0
0	0	0	1	0	0
0	0	0	1	0	0
0	0	0	1	0	0
0	0	0	1	1	0
0	0	0	1	0	0
0	0	0	1	0	0
0	0	0	1	0	0
0	0	0	1	0	0
0	0	0	1	0	0
0	0	0	1	0	0
0	0	0	1	0	0
0	0	0	1	0	0
0	0	0	1	0	0
0	0	0	1	0	0
0	0	0	1	0	0
0	0	0	1	0	0
0	0	0	1	0	0
0	0	0	1	0	0
0	0	0	1	0	0
0	0	0	1	0	0
0	0	0	1	0	0
0	0	0	1	0	0
0	0	0	1	0	0
0	0	0	1	0	0
0	0	0	1	0	0
0	0	0	1	1	0
0	0	0	1	1	0
0	0	0	1	1	0
0	0	0	1	0	0
0	0	0	1	0	0
0	0	0	1	0	0
0	0	0	1	1	0
0	0	0	1	0	0
0	0	0	1	0	0
0	0	0	1	1	0
0	0	0	1	0	0
0	0	0	1	0	0
0	0	0	1	1	0
0	0	0	1	1	0
0	0	0	1	0	0
0	0	0	1	0	0
0	0	0	1	0	0
0	0	0	1	1	0
0	0	0	1	0	0
0	0	0	1	0	0
0	0	0	1	0	0
0	0	0	1	0	0
0	0	0	1	0	0
0	0	0	1	0	0
0	0	0	1	1	0
0	0	0	1	0	0
0	0	0	1	0	0
0	0	0	1	1	0
0	0	0	1	1	0
0	0	0	1	0	0
0	0	0	1	0	0
0	0	0	1	0	0
0	0	0	1	0	0
0	0	0	1	0	0
0	0	0	1	0	0
0	0	0	1	0	0
0	0	0	1	0	0
0	0	0	1	1	0
0	0	0	1	1	0
0	0	0	1	0	0
0	0	0	1	0	0
0	0	0	1	1	0
0	0	0	1	0	0
0	0	0	1	0	0
0	0	0	1	0	0
0	0	0	1	0	0
0	0	0	1	0	0
0	0	0	1	0	0
0	0	0	1	0	0
0	0	0	1	0	0
0	0	0	1	1	0
0	0	0	1	0	0
0	0	0	1	1	0
0	0	0	1	0	0
0	0	0	1	0	0
0	0	0	1	0	0
0	0	0	1	0	0
0	0	0	1	0	0
0	0	0	1	0	0
0	0	0	1	0	0
0	0	0	1	0	0
0	0	0	1	0	0
0	0	0	1	0	0
0	0	0	1	0	0
0	0	0	1	0	0
0	0	0	1	0	0
0	0	0	1	0	0
0	0	0	1	0	0
0	0	0	1	0	0
0	0	0	1	0	0
0	0	0	1	0	0
0	0	0	1	0	0
0	0	0	1	0	0
0	0	0	1	0	0
0	0	0	1	0	0
0	0	0	1	0	0
0	0	0	1	0	0
0	0	0	1	0	0
0	0	0	1	0	0
0	0	0	1	0	0
0	0	0	1	0	0
0	0	0	1	0	0
0	0	0	1	0	0
0	0	0	0	1	0
0	0	0	0	1	0
0	0	0	0	1	0
0	0	0	0	1	0
0	0	0	0	1	0
0	0	0	0	1	0
0	0	0	0	1	0
0	0	0	0	1	0
0	0	0	0	1	0
0	0	0	0	1	0
0	0	0	0	1	0
0	0	0	0	1	0
0	0	0	0	1	0
0	0	0	0	1	0
0	0	0	0	1	0
0	0	0	0	1	0
0	0	0	0	1	0
0	0	0	0	1	0
0	0	0	0	1	0
0	0	0	0	1	0
0	0	0	0	1	0
0	0	0	0	1	0
0	0	0	0	1	0
0	0	0	0	1	0
0	0	0	0	1	0
0	0	0	0	1	0
0	0	0	0	1	0
0	0	0	1	1	0
0	0	0	1	1	0
0	0	0	0	1	0
0	0	0	0	1	0
0	0	0	0	1	0
0	0	0	0	1	0
0	0	0	0	1	0
0	0	0	1	1	0
0	0	0	0	1	0
0	0	0	1	1	0
0	0	0	0	1	0
0	0	0	0	1	0
0	0	0	0	1	0
0	0	0	0	1	0
0	0	0	0	1	0
0	0	0	0	1	0
0	0	0	0	1	0
0	0	0	0	1	0
0	0	0	1	1	0
0	0	0	0	1	0
0	0	0	0	1	0
0	0	0	0	1	0
0	0	0	0	1	0
0	0	0	0	1	0
0	0	0	0	1	0
0	0	0	0	1	0
0	0	0	0	1	0
0	0	0	0	1	0
0	0	0	0	1	0
0	0	0	0	1	0
0	0	0	0	1	0
0	0	0	0	1	0
0	0	0	0	1	0
0	0	0	0	1	0
0	0	0	0	1	0
0	0	0	0	1	0
0	0	0	0	1	0
0	0	0	0	1	0
0	0	0	0	1	0
0	0	0	0	1	0
0	0	0	1	1	0
0	0	0	0	1	0
0	0	0	1	1	0
0	0	0	0	1	0
0	0	0	0	1	0
0	0	0	0	1	0
0	0	0	0	1	0
0	0	0	0	1	0
0	0	0	0	1	0
0	0	0	0	1	0
0	0	0	0	1	0
0	0	0	0	1	0
0	0	0	0	1	0
0	0	0	0	1	0
0	0	0	0	1	0
0	0	0	0	1	0
0	0	0	0	1	0
0	0	0	0	1	0
0	0	0	0	1	0
0	0	0	0	1	0
0	0	0	0	1	0
0	0	0	0	1	0
0	0	0	0	1	0
0	0	0	0	1	0
0	0	0	0	1	0
0	0	0	0	1	0
0	0	0	0	1	0
0	0	0	0	1	0
0	0	0	0	1	0
0	0	0	0	1	0
0	0	0	0	1	0
0	0	0	0	1	0
0	0	0	0	1	0
0	0	0	0	1	0
0	0	0	0	1	0
0	0	0	0	1	0
0	0	0	0	1	0
0	0	0	0	1	0
0	0	0	0	1	0
0	0	0	0	1	0
0	0	0	0	1	0
0	0	0	0	1	0
0	0	0	0	1	0
0	0	0	1	1	0
0	0	0	0	1	0
0	0	0	0	1	0
0	0	0	0	1	0
0	0	0	0	1	0
0	0	0	1	1	0
0	0	0	0	1	0
0	0	0	0	1	0
0	0	0	0	1	0
0	0	0	1	1	0
0	0	0	0	1	0
0	0	0	0	1	0
0	0	0	0	1	0
0	0	0	0	1	0
0	0	0	0	1	0
0	0	0	0	1	0
0	0	0	1	1	0
0	0	0	0	1	0
0	0	0	0	1	0
0	0	0	0	1	0
0	0	0	0	1	0
0	0	0	0	1	0
0	0	0	0	1	0
0	0	0	0	1	0
0	0	0	0	1	0
0	0	0	0	1	0
0	0	0	0	1	0
0	0	0	0	1	0
0	0	0	0	1	0
0	0	0	0	1	0
0	0	0	0	1	0
0	0	0	0	1	0
0	0	0	0	1	0
0	0	0	0	1	0
0	0	0	0	1	0
0	0	0	0	1	0
0	0	0	0	1	0
0	0	0	0	1	0
0	0	0	0	1	0
0	0	0	0	1	0
0	0	0	0	1	0
0	0	0	0	1	0
0	0	0	0	1	0
0	0	0	0	1	0
0	0	0	0	1	0
0	0	0	0	1	0
0	0	0	0	1	0
0	0	0	0	1	0
0	0	0	1	1	0
0	0	0	0	1	0
0	0	0	1	1	0
0	0	0	0	1	0
0	0	0	0	1	0
0	0	0	0	1	0
0	0	0	0	1	0
0	0	0	0	1	0
0	0	0	0	1	0
0	0	0	0	1	0
0	0	0	1	1	0
0	0	0	0	1	0
0	0	0	1	1	0
0	0	0	0	1	0
0	0	0	0	1	0
0	0	0	0	1	0
0	0	0	0	1	0
0	0	0	0	1	0
0	0	0	0	1	0
0	0	0	0	1	0
0	0	0	0	1	0
0	0	0	0	1	0
0	0	0	0	1	0
0	0	0	0	1	0
0	0	0	0	1	0
0	0	0	1	1	0
0	0	0	0	1	0
0	0	0	0	1	0
0	0	0	0	1	0
0	0	0	0	1	0
0	0	0	0	1	0
0	0	0	1	1	0
0	0	0	0	1	0
0	0	0	1	1	0
0	0	0	0	1	0
0	0	0	0	1	0
0	0	0	0	1	0
0	0	0	0	1	0
0	0	0	0	1	0
0	0	0	0	1	0
0	0	0	0	1	0
0	0	0	0	1	0
0	0	0	0	0	1
0	0	0	0	0	1
0	0	0	0	0	1
0	0	0	0	0	1
0	0	0	0	0	1
0	0	0	0	0	1
0	0	0	0	0	1
0	0	0	0	0	1
0	0	0	0	0	1
0	0	0	0	0	1
0	0	0	0	0	1
0	0	0	0	0	1
0	0	0	0	0	1
0	0	0	0	0	1
0	0	0	0	0	1
0	0	0	0	0	1
0	0	0	0	0	1
0	0	0	0	0	1
0	0	0	0	0	1
0	0	0	0	0	1
0	0	0	0	0	1
0	0	0	0	0	1
0	0	0	0	0	1
0	0	0	0	0	1
0	0	0	0	0	1
0	0	0	0	0	1
0	0	0	0	0	1
0	0	0	0	0	1
0	0	0	0	0	1
0	0	0	0	0	1
0	0	0	0	0	1
0	0	0	0	0	1
0	0	0	0	0	1
0	0	0	0	0	1
0	0	0	0	0	1
0	0	0	0	0	1
0	0	0	0	0	1
0	0	0	0	0	1
0	0	0	0	0	1
0	0	0	0	0	1
0	0	0	0	0	1
0	0	0	0	0	1
0	0	0	0	0	1
0	0	0	0	0	1
0	0	0	0	0	1
0	0	0	0	0	1
0	0	0	0	0	1
0	0	0	0	0	1
0	0	0	0	0	1
0	0	0	0	0	1
0	0	0	0	0	1
0	0	0	0	0	1
0	0	0	0	0	1
0	0	0	0	0	1
0	0	0	0	0	1
0	0	0	0	0	1
0	0	0	1	0	1
0	0	0	0	0	1
0	0	0	0	0	1
0	0	0	0	0	1
0	0	0	0	0	1
0	0	0	0	0	1
0	0	0	0	0	1
0	0	0	0	0	1
0	0	0	0	0	1
0	0	0	0	0	1
0	0	0	0	0	1
0	0	0	0	0	1
0	0	0	0	0	1
0	0	0	0	0	1
0	0	0	0	0	1
0	0	0	0	0	1
0	0	0	0	0	1
0	0	0	0	0	1
0	0	0	0	0	1
0	0	0	0	0	1
0	0	0	0	0	1
0	0	0	0	0	1
0	0	0	0	0	1
0	0	0	0	0	1
0	0	0	1	0	1
0	0	0	1	0	1
0	0	0	0	0	1
0	0	0	0	0	1
0	0	0	0	0	1
0	0	0	0	0	1
0	0	0	0	0	1
0	0	0	0	0	1
0	0	0	0	0	1
0	0	0	0	0	1
0	0	0	0	0	1
0	0	0	0	0	1
0	0	0	0	0	1
0	0	0	0	0	1
0	0	0	0	0	1
0	0	0	0	0	1
0	0	0	0	0	1
0	0	0	0	0	1
0	0	0	0	0	1
0	0	0	0	0	1
0	0	0	0	0	1
0	0	0	0	0	1
0	0	0	0	0	1
0	0	0	0	0	1
0	0	0	0	0	1
0	0	0	0	0	1
0	0	0	0	0	1
0	0	0	0	0	1
0	0	0	0	0	1
0	0	0	0	0	1
0	0	0	0	0	1
0	0	0	0	0	1
0	0	0	0	0	1
0	0	0	0	0	1
0	0	0	0	0	1
0	0	0	0	0	1
0	0	0	0	0	1
0	0	0	0	0	1
0	0	0	0	0	1
0	0	0	0	0	1
0	0	0	0	0	1
0	0	0	0	0	1
0	0	0	0	0	1
0	0	0	0	0	1
0	0	0	0	0	1
0	0	0	0	0	1
0	0	0	0	0	1
0	0	0	0	0	1
0	0	0	0	0	1
0	0	0	0	0	1
0	0	0	0	0	1
0	0	0	0	0	1
0	0	0	0	0	1
0	0	0	0	0	1
0	0	0	0	0	1
0	0	0	0	0	1
0	0	0	0	0	1
0	0	0	1	0	1
0	0	0	0	0	1
0	0	0	0	0	1
0	0	0	0	0	1
0	0	0	0	0	1
0	0	0	0	0	1
0	0	0	0	0	1
0	0	0	0	0	1
0	0	0	0	0	1
0	0	0	0	0	1
0	0	0	0	0	1
0	0	0	0	0	1
0	0	0	0	0	1
0	0	0	0	0	1
0	0	0	0	0	1
0	0	0	0	0	1
0	0	0	0	0	1
0	0	0	0	0	1
0	0	0	0	0	1
0	0	0	0	0	1
0	0	0	0	0	1
0	0	0	1	0	1
0	0	0	0	0	1
0	0	0	0	0	1
0	0	0	0	0	1
0	0	0	0	0	1
0	0	0	0	0	1
0	0	0	0	0	1
0	0	0	0	0	1
0	0	0	0	0	1
0	0	0	0	0	1
0	0	0	0	0	1
0	0	0	0	0	1
0	0	0	0	0	1
0	0	0	0	0	1
0	0	0	0	0	1
0	0	0	0	0	1
0	0	0	0	0	1
0	0	0	0	0	1
0	0	0	0	0	1
0	0	0	0	0	1
0	0	0	0	0	1
0	0	0	0	0	1
0	0	0	0	0	1
0	0	0	0	0	1
0	0	0	0	0	1
0	0	0	0	0	1
0	0	0	0	0	1
0	0	0	0	0	1
0	0	0	0	0	1
0	0	0	0	0	1
0	0	0	0	0	1
0	0	0	0	0	1
0	0	0	0	0	1
0	0	0	0	0	1
0	0	0	0	0	1
0	0	0	0	0	1
0	0	0	0	0	1
0	0	0	0	0	1
0	0	0	0	0	1
0	0	0	0	0	1
0	0	0	0	0	1
0	0	0	0	0	1
